,Aaron,Carpenter,351-(793)668-9635,acarpenterll@latimes.com,Realblab
,Aaron,Dunn,47-(529)189-7363,adunndm@phoca.cz,Photobean
,Aaron,Little,63-(428)576-0678,alittle6o@zdnet.com,Chatterbridge
,Aaron,Parker,33-(850)934-4116,aparkerc@amazon.com,Eare
,Aaron,Powell,420-(815)753-9370,apowell66@theguardian.com,Teklist
,Aaron,Rodriguez,86-(656)732-7412,arodriguezfw@illinois.edu,Edgewire
,Aaron,Romero,86-(678)122-0775,aromero4p@umn.edu,Yodoo
,Aaron,Wheeler,62-(568)995-8372,awheelerpj@bluehost.com,Katz
,Adam,Cole,967-(428)332-7838,acole5a@upenn.edu,Buzzshare
,Adam,Hanson,242-(813)224-9836,ahansoni7@timesonline.co.uk,Devpoint
,Adam,Hart,34-(121)257-4322,ahartax@smh.com.au,Yotz
,Alan,Hart,235-(130)614-2733,ahartdg@cbslocal.com,Voolia
,Albert,Berry,254-(605)696-4617,aberryki@mashable.com,Skipfire
,Albert,Johnson,33-(138)570-7782,ajohnsongz@seattletimes.com,Jazzy
,Albert,Powell,7-(778)804-6634,apowell6x@skyrock.com,Zoombeat
,Alice,Andrews,86-(665)942-4398,aandrews7x@unicef.org,Topicware
,Alice,Arnold,55-(895)939-9661,aarnold8c@nasa.gov,Meetz
,Alice,Fernandez,55-(467)929-1718,afernandezqi@icq.com,Mynte
,Alice,Mills,48-(176)423-1904,amillskw@cam.ac.uk,Topicstorm
,Alice,Montgomery,86-(667)869-0128,amontgomerylw@example.com,Jabberstorm
,Alice,Rivera,977-(633)371-7811,ariverafe@java.com,Voonder
,Amanda,Evans,1-(682)841-9213,aevansct@skype.com,Blogtags
,Amanda,Fernandez,33-(861)199-7929,afernandezoc@ed.gov,Geba
,Amanda,Lewis,48-(995)651-2221,alewis3r@paypal.com,Voolith
,Amanda,Long,502-(822)537-6155,alongj4@sciencedirect.com,Cogibox
,Amanda,Smith,256-(181)974-7912,asmithk8@shareasale.com,Aivee
,Amanda,Willis,86-(620)891-8772,awillisj0@seattletimes.com,Bluezoom
,Amy,Butler,81-(419)467-9699,abutler3@surveymonkey.com,Oyonder
,Amy,Ferguson,994-(547)793-7578,afergusonr7@cnet.com,Tambee
,Amy,Ramos,86-(368)975-4684,aramosew@mapquest.com,Minyx
,Amy,Ryan,62-(633)207-1671,aryanp1@weather.com,Brainbox
,Andrea,Black,976-(302)358-3358,ablackgo@usatoday.com,Avaveo
,Andrea,Carroll,351-(786)242-5055,acarrollcc@github.com,Shufflester
,Andrea,Garrett,886-(245)506-7302,agarrett1f@ed.gov,Eire
,Andrea,Spencer,351-(573)378-5622,aspencerog@phoca.cz,Avaveo
,Andrew,Watkins,351-(848)675-2019,awatkins34@last.fm,Zooveo
,Andrew,Willis,7-(892)508-9855,awillis6f@mediafire.com,Quatz
,Angela,Cox,51-(713)998-0153,acoxoq@sbwire.com,Voomm
,Angela,Harper,51-(465)216-0102,aharperd5@yolasite.com,Jabberbean
,Angela,Long,374-(770)300-6121,along6r@a8.net,Aivee
,Ann,Cooper,48-(493)896-4117,acooperhm@example.com,Quaxo
,Ann,Diaz,685-(799)981-7878,adiazli@hud.gov,Kaymbo
,Ann,Hamilton,62-(995)611-0329,ahamiltoncp@liveinternet.ru,Mudo
,Ann,Harper,86-(911)886-6091,aharper9x@time.com,Voonder
,Ann,Hayes,84-(522)787-5467,ahayespy@cyberchimps.com,Pixonyx
,Ann,Kennedy,351-(675)229-9320,akennedy7p@sciencedirect.com,Jaxspan
,Ann,Mason,63-(614)108-2808,amasonfb@engadget.com,Youbridge
,Ann,Stevens,242-(753)742-8589,astevensk4@netvibes.com,Aivee
,Anna,Dixon,7-(227)811-0887,adixonbr@barnesandnoble.com,Gigabox
,Anna,Johnson,86-(696)481-1804,ajohnson5o@microsoft.com,Livepath
,Anna,Lee,386-(200)673-9845,aleeex@ow.ly,Wikido
,Anna,Rivera,86-(930)663-9229,ariveraoe@nyu.edu,Chatterpoint
,Anna,Warren,98-(448)948-9401,awarrennv@constantcontact.com,Gabtune
,Anna,Williamson,48-(859)458-0435,awilliamson73@answers.com,Skyndu
,Anne,Harris,48-(117)317-6261,aharrisbn@wikia.com,Blogpad
,Anne,Oliver,51-(388)888-9666,aoliverq5@discovery.com,BlogXS
,Annie,Barnes,1-(380)357-4105,abarneso4@hostgator.com,Rhycero
,Annie,Black,86-(619)943-6379,ablacke0@homestead.com,Gigabox
,Annie,Gordon,86-(611)748-3514,agordon7l@time.com,Wikizz
,Annie,Griffin,45-(418)177-0078,agriffin92@berkeley.edu,Fliptune
,Annie,Gutierrez,47-(907)450-6846,agutierrezhk@blog.com,Bluezoom
,Annie,Morrison,261-(300)389-8268,amorrisonjt@forbes.com,Jaxbean
,Annie,Schmidt,7-(152)696-8474,aschmidtc1@tuttocitta.it,Twitterbeat
,Annie,Ward,33-(161)810-3538,awardgi@answers.com,Twitterbeat
,Anthony,Brown,7-(237)456-9361,abrownbv@china.com.cn,Muxo
,Anthony,Cole,58-(457)523-7530,acoleao@google.com,Reallinks
,Anthony,Ryan,509-(874)940-0914,aryancg@cargocollective.com,Twimm
,Anthony,Watson,81-(985)411-2574,awatsonf5@dagondesign.com,Skyba
,Antonio,Barnes,62-(253)322-4146,abarnesbl@miitbeian.gov.cn,LiveZ
,Antonio,Cole,86-(125)614-6214,acolef@tinyurl.com,Zava
,Antonio,Cox,63-(463)302-3024,acoxgl@dailymail.co.uk,Wikibox
,Antonio,Gonzales,62-(805)419-9871,agonzalesh5@abc.net.au,Tazz
,Antonio,Henderson,1-(885)648-7091,ahendersonn1@cbsnews.com,Feedfire
,Antonio,Roberts,359-(553)463-6524,aroberts0@domainmarket.com,Meetz
,Arthur,Carpenter,86-(841)633-2968,acarpentern5@deliciousdays.com,Youspan
,Arthur,Clark,62-(846)527-9300,aclarkob@issuu.com,Riffwire
,Arthur,Dunn,1-(616)783-3494,adunnpd@comsenz.com,Yakitri
,Arthur,Medina,81-(710)348-0629,amedinaa2@clickbank.net,Yotz
,Arthur,Wood,81-(657)589-4660,awoodi8@dropbox.com,Skippad
,Ashley,Alvarez,963-(234)561-6371,aalvarezu@ucsd.edu,Aivee
,Ashley,Barnes,62-(305)307-9965,abarnesfd@google.co.jp,Viva
,Ashley,Fowler,48-(224)390-9920,afowlerod@tumblr.com,Yotz
,Ashley,Grant,7-(887)720-2587,agrantdr@list-manage.com,Skidoo
,Ashley,Johnston,86-(467)569-4710,ajohnston3a@moonfruit.com,Edgewire
,Ashley,Lane,86-(387)823-1791,alanerr@nbcnews.com,Jabbersphere
,Ashley,Mendoza,375-(525)313-5981,amendoza70@cloudflare.com,Camimbo
,Ashley,Morgan,55-(212)888-3089,amorganmp@theguardian.com,Realcube
,Ashley,Powell,7-(455)349-4986,apowell98@about.me,Zoomdog
,Ashley,Rodriguez,46-(713)261-4318,arodriguezck@php.net,Dabfeed
,Ashley,Welch,234-(673)424-1821,awelcho3@fda.gov,Ooba
,Ashley,Williams,381-(705)561-8680,awilliamsiv@chron.com,Omba
,Barbara,Alexander,63-(798)256-3252,balexandergc@pen.io,Eazzy
,Barbara,Gray,55-(706)714-0019,bgray1w@fotki.com,Skipfire
,Barbara,Hill,1-(101)236-4069,bhill1z@wikimedia.org,Miboo
,Barbara,Martinez,7-(572)316-8445,bmartinezdh@cnn.com,Voolith
,Barbara,Thompson,351-(869)917-9600,bthompsonat@sun.com,Photobean
,Barbara,Washington,86-(566)502-9689,bwashington9z@scientificamerican.com,Youopia
,Benjamin,Banks,86-(340)340-9318,bbanks9@bloglines.com,Skalith
,Benjamin,Sanders,86-(866)782-4476,bsandersq7@bandcamp.com,Topicblab
,Benjamin,Vasquez,383-(680)135-1165,bvasquez6u@nsw.gov.au,Oyoyo
,Betty,Armstrong,86-(495)989-7475,barmstrongcu@webnode.com,Tagopia
,Betty,Garrett,7-(827)762-4115,bgarretto9@theguardian.com,Jabbersphere
,Betty,Gonzales,48-(957)276-9479,bgonzalesnt@jiathis.com,Meevee
,Betty,Morris,62-(402)158-3155,bmorrisdt@hud.gov,Flipstorm
,Betty,Rogers,33-(266)765-2000,brogers5z@flickr.com,Youtags
,Betty,Spencer,48-(443)546-6118,bspencerid@wikispaces.com,InnoZ
,Betty,Watkins,84-(749)857-2389,bwatkinsd@cyberchimps.com,Yotz
,Beverly,Bradley,212-(952)372-2567,bbradleybc@indiegogo.com,Demivee
,Beverly,Gilbert,235-(943)981-0142,bgilbertgn@goo.gl,Skyba
,Beverly,Mills,53-(854)322-8976,bmills97@msn.com,Kamba
,Billy,Owens,86-(380)660-6736,bowensfl@infoseek.co.jp,Muxo
,Billy,Patterson,62-(684)437-5178,bpattersonda@xrea.com,Oyope
,Billy,Robinson,60-(518)301-7947,brobinsonns@symantec.com,Browsecat
,Billy,Sims,86-(739)430-6806,bsims2s@livejournal.com,Kwilith
,Bobby,Flores,86-(606)645-7684,bfloresm2@infoseek.co.jp,Gabtype
,Bobby,Lawson,30-(398)517-0777,blawson9q@people.com.cn,Snaptags
,Bobby,Simmons,48-(407)579-0254,bsimmonshc@smugmug.com,Brainverse
,Bonnie,Gordon,1-(520)431-6700,bgordong9@ehow.com,Oozz
,Bonnie,Jenkins,27-(505)616-9477,bjenkinsdq@skype.com,Ozu
,Bonnie,Peterson,62-(125)371-3512,bpeterson9r@github.com,Eadel
,Bonnie,Reyes,62-(437)514-3452,breyese2@gravatar.com,Jabberstorm
,Bonnie,Shaw,62-(237)932-2252,bshawdo@fastcompany.com,Abatz
,Bonnie,Snyder,86-(460)119-8932,bsnyderea@purevolume.com,Oyonder
,Bonnie,Sullivan,62-(260)550-3187,bsullivan2n@jugem.jp,Eamia
,Brandon,Bell,57-(567)983-7087,bbellgb@ebay.co.uk,Oyonder
,Brandon,Chavez,62-(360)344-6069,bchavezp4@pbs.org,Yoveo
,Brandon,Daniels,86-(205)893-8537,bdaniels6h@blogs.com,Zoonder
,Brandon,Franklin,33-(827)564-1088,bfranklinge@angelfire.com,Dynava
,Brandon,Jackson,86-(988)663-7811,bjacksonne@noaa.gov,Blogspan
,Brandon,Long,62-(430)469-3889,blongr9@addthis.com,Topicshots
,Brenda,Alvarez,33-(707)119-3208,balvarez54@xinhuanet.com,Cogilith
,Brenda,Jackson,269-(522)247-4471,bjackson5p@nationalgeographic.com,Quimm
,Brenda,Murphy,7-(107)964-5030,bmurphynr@cornell.edu,Zoombeat
,Brian,Bowman,48-(140)939-5591,bbowmanf0@wix.com,Gabtune
,Brian,Dixon,1-(610)940-0722,bdixon9b@a8.net,Edgeblab
,Brian,Jones,86-(512)770-4800,bjonesko@gizmodo.com,Zoomlounge
,Brian,Reid,267-(410)160-9862,breid7r@vkontakte.ru,Yakidoo
,Brian,Thomas,689-(469)816-7463,bthomas1u@symantec.com,Linkbuzz
,Brian,Wilson,1-(435)628-1018,bwilsonhd@uiuc.edu,Rhyzio
,Bruce,Carroll,420-(172)680-5776,bcarroll8z@twitter.com,Wikizz
,Bruce,Cox,420-(525)686-5067,bcoxlk@jugem.jp,Jamia
,Bruce,Fox,86-(271)524-3048,bfoxhr@de.vu,Tagpad
,Bruce,Long,86-(550)988-3108,blong9p@engadget.com,Gabspot
,Bruce,Lynch,967-(575)519-7165,blynchdu@networksolutions.com,Zooveo
,Bruce,Ryan,7-(538)815-2638,bryan7i@wsj.com,Plambee
,Bruce,Turner,62-(969)587-4223,bturner72@skyrock.com,Roombo
,Carl,Bell,46-(780)635-0771,cbelln2@jiathis.com,Devify
,Carl,Cole,33-(511)339-3263,ccole91@house.gov,Rhyloo
,Carl,Foster,86-(674)479-7208,cfosterpq@youku.com,Skyble
,Carl,Hansen,62-(247)575-2126,chansenpz@omniture.com,Vidoo
,Carl,Moore,63-(114)984-6507,cmoorebz@wordpress.org,Katz
,Carlos,Foster,62-(434)283-0866,cfostera4@about.com,Avavee
,Carlos,Grant,62-(826)807-1659,cgrantp6@vistaprint.com,Fiveclub
,Carlos,White,385-(353)494-7852,cwhitemr@google.com,Buzzster
,Carol,Foster,55-(141)890-7284,cfoster13@oaic.gov.au,Linktype
,Carol,Fox,86-(535)831-8184,cfoxec@geocities.com,Oyoyo
,Carol,Little,62-(919)877-7544,clittle2v@istockphoto.com,Thoughtmix
,Carol,Reynolds,33-(372)627-5023,creynoldsox@myspace.com,Teklist
,Carol,Sims,84-(159)453-0095,csimsan@uiuc.edu,Bluezoom
,Carol,Wallace,86-(865)306-6628,cwallace3y@google.com,Youspan
,Carolyn,Adams,7-(288)926-5048,cadamsq2@opera.com,Vidoo
,Carolyn,Simpson,7-(193)270-1148,csimpsoncw@tinyurl.com,Lajo
,Catherine,Gutierrez,212-(121)998-1464,cgutierrezr@huffingtonpost.com,Dynabox
,Catherine,Moore,225-(717)908-7869,cmooreqs@nba.com,Centidel
,Catherine,Robinson,86-(480)394-9755,crobinsonby@csmonitor.com,Brainlounge
,Charles,Alexander,86-(715)342-2595,calexanderjn@scientificamerican.com,Wikido
,Charles,Elliott,46-(902)376-2429,celliott9m@newyorker.com,Meedoo
,Charles,George,63-(264)740-3351,cgeorgekg@networkadvertising.org,Realcube
,Charles,Owens,86-(992)655-1777,cowensmu@smh.com.au,Bubbletube
,Charles,Price,224-(230)304-7970,cpricemk@creativecommons.org,Fivespan
,Charles,Snyder,36-(398)203-2572,csnyderms@forbes.com,Viva
,Charles,Stone,46-(453)699-8168,cstone3v@privacy.gov.au,LiveZ
,Charles,Watson,880-(950)472-2210,cwatson30@indiegogo.com,Kanoodle
,Cheryl,Allen,33-(987)652-1371,callenmq@github.io,Kanoodle
,Cheryl,Cole,86-(661)184-6841,ccolelg@google.com.br,Jabbercube
,Cheryl,Sims,62-(590)134-8759,csims9l@mayoclinic.com,Kwilith
,Cheryl,Walker,84-(283)427-4204,cwalker40@dedecms.com,Meedoo
,Chris,Barnes,976-(587)480-3824,cbarnes2x@noaa.gov,Rhycero
,Chris,Hudson,380-(416)344-2816,chudson81@themeforest.net,Shufflebeat
,Chris,Montgomery,995-(772)930-3933,cmontgomerypk@shinystat.com,Voonyx
,Chris,Morris,84-(833)765-4711,cmorris7s@surveymonkey.com,Brainbox
,Christina,Lawrence,48-(509)567-4983,clawrencem6@prweb.com,Livetube
,Christina,Medina,7-(572)325-2271,cmedinac7@opensource.org,Shuffletag
,Christine,Adams,86-(502)643-1459,cadamsqb@ameblo.jp,Izio
,Christine,Duncan,62-(261)547-7078,cduncan43@icio.us,Leexo
,Christine,Lane,86-(629)966-2682,claneot@phoca.cz,Topicstorm
,Christine,Marshall,250-(161)110-1573,cmarshall33@ed.gov,Rhynyx
,Christine,Powell,62-(216)399-9190,cpowelloz@netvibes.com,Demizz
,Christine,Reid,63-(994)635-0993,creid5n@gravatar.com,Jamia
,Christine,Roberts,39-(694)554-4416,crobertsga@mapquest.com,Blogpad
,Christine,Wheeler,420-(202)422-0305,cwheeler4g@ustream.tv,Blogpad
,Christopher,Armstrong,57-(748)124-1335,carmstrong38@liveinternet.ru,Ainyx
,Christopher,Dixon,62-(514)947-4219,cdixonl0@ihg.com,Jamia
,Christopher,Howell,351-(867)989-7137,chowellg@mlb.com,Kwideo
,Christopher,James,31-(385)724-0120,cjamesx@4shared.com,Rhyloo
,Christopher,Nelson,86-(245)126-8605,cnelsonfs@state.tx.us,Kamba
,Christopher,Tucker,55-(731)445-3154,ctuckerka@bing.com,Yodo
,Clarence,Franklin,46-(784)722-8591,cfranklinhz@cocolog-nifty.com,Teklist
,Clarence,Greene,63-(541)900-3806,cgreeneqz@vinaora.com,Aivee
,Clarence,Wood,62-(494)352-9377,cwoodd6@uol.com.br,Kare
,Craig,Anderson,358-(603)235-2368,canderson24@mozilla.org,Quimm
,Craig,Carr,212-(825)804-9718,ccarr1o@eventbrite.com,Oyoyo
,Craig,Fields,55-(335)509-4000,cfieldsnl@bizjournals.com,Zava
,Craig,Thompson,420-(502)977-3108,cthompsonl4@pen.io,Quinu
,Cynthia,Anderson,47-(249)782-2629,canderson9t@arizona.edu,Skippad
,Cynthia,Austin,380-(567)689-6186,caustincd@ifeng.com,Brainbox
,Cynthia,Lopez,56-(194)768-9398,clopez47@meetup.com,Avavee
,Cynthia,Watson,62-(366)733-2383,cwatsonh0@themeforest.net,Dablist
,Daniel,Davis,33-(424)767-7602,ddaviseh@businessweek.com,Topicstorm
,Daniel,Graham,47-(515)784-4282,dgrahamq@kickstarter.com,Skynoodle
,Daniel,Peters,57-(418)562-3457,dpetersoy@cloudflare.com,Skinder
,Daniel,Rivera,86-(637)387-3886,driveraee@desdev.cn,Chatterpoint
,Daniel,Sims,963-(281)331-3703,dsims7u@bloomberg.com,Topiczoom
,Deborah,Chavez,86-(362)967-6220,dchavez9w@businessweek.com,Dabvine
,Deborah,Fowler,86-(201)933-0285,dfowlerf8@yahoo.com,Meevee
,Deborah,Nguyen,380-(702)591-0515,dnguyen4s@godaddy.com,Teklist
,Debra,Chapman,62-(335)366-0078,dchapmanou@skype.com,Aimbu
,Debra,Hicks,249-(584)255-1639,dhicks4e@barnesandnoble.com,Trunyx
,Debra,Perez,81-(404)617-9436,dperezq9@feedburner.com,Dabjam
,Denise,Armstrong,57-(168)309-3898,darmstrong7d@shop-pro.jp,Buzzbean
,Denise,Black,254-(586)290-8167,dblackht@toplist.cz,Realbridge
,Denise,Bryant,86-(412)641-5632,dbryantjv@goodreads.com,Skyble
,Denise,Gutierrez,66-(553)542-8788,dgutierrezma@digg.com,Thoughtblab
,Denise,Hall,251-(322)403-9978,dhall4w@bluehost.com,Gabspot
,Denise,Johnston,1-(710)693-0888,djohnstonam@tamu.edu,Riffpedia
,Denise,Pierce,98-(192)752-6867,dpiercecr@aol.com,Snaptags
,Denise,Sanders,62-(282)352-4481,dsandershh@howstuffworks.com,Oyope
,Dennis,Fisher,81-(862)691-4141,dfisherm4@weebly.com,Quinu
,Dennis,Harper,967-(577)673-3122,dharperh3@vistaprint.com,Pixope
,Dennis,Johnston,62-(637)244-7696,djohnstonii@imgur.com,Yombu
,Dennis,Oliver,86-(512)262-8819,doliveraa@salon.com,Kanoodle
,Dennis,Palmer,46-(547)273-6769,dpalmerp3@hp.com,Mita
,Dennis,Perkins,81-(857)552-5099,dperkinsln@meetup.com,Livepath
,Dennis,Richardson,351-(354)808-0415,drichardsondj@feedburner.com,Eabox
,Dennis,Wagner,237-(156)734-5528,dwagnerav@uiuc.edu,Buzzbean
,Diana,Alvarez,86-(707)456-6522,dalvarez90@si.edu,Yakijo
,Diana,Bradley,55-(748)102-1723,dbradley2d@amazon.co.jp,Aivee
,Diana,Bryant,98-(662)903-0385,dbryantix@wsj.com,Devbug
,Diana,Burns,31-(677)645-3680,dburnsmo@hud.gov,Blogtags
,Diana,Dean,62-(510)359-0481,ddeanmj@sakura.ne.jp,Zooxo
,Diana,Ellis,86-(607)693-5460,dellislp@cargocollective.com,Blogtag
,Diana,Garcia,691-(261)713-9334,dgarciak2@stanford.edu,Fivespan
,Diana,Martin,48-(817)403-0630,dmartinhv@github.io,Feedspan
,Diana,Powell,55-(311)219-1080,dpowell2p@bravesites.com,Browsetype
,Diana,Rodriguez,86-(508)624-1634,drodriguezgj@paypal.com,Trupe
,Diana,Wright,55-(814)438-8454,dwrightbs@bigcartel.com,Zooxo
,Diane,Reed,372-(425)169-4596,dreedhx@creativecommons.org,Blognation
,Donald,Hansen,220-(430)223-8319,dhansen5w@google.com.au,Fivespan
,Donald,Richards,359-(583)695-3001,drichards5r@facebook.com,Quamba
,Donald,Warren,7-(721)622-3025,dwarrenc2@harvard.edu,Yodel
,Donna,Bowman,62-(575)189-2059,dbowman4a@senate.gov,Skajo
,Donna,Hall,358-(911)960-8742,dhaller@scientificamerican.com,Quimba
,Donna,Hernandez,55-(695)223-6240,dhernandezl7@ow.ly,Thoughtstorm
,Donna,Hicks,62-(486)149-4241,dhickslu@springer.com,Viva
,Doris,Anderson,86-(787)782-4411,dandersonbe@joomla.org,Muxo
,Doris,Hill,86-(171)751-7477,dhillke@theglobeandmail.com,Kwimbee
,Doris,Martin,52-(634)177-3611,dmartinna@bigcartel.com,Babbleset
,Doris,Miller,81-(929)964-1374,dmiller8h@cornell.edu,Quatz
,Doris,Russell,976-(554)128-5239,drussellay@reverbnation.com,Ainyx
,Dorothy,Andrews,62-(109)669-5364,dandrewseo@who.int,Jayo
,Dorothy,Bell,380-(720)425-1979,dbellad@pcworld.com,Devshare
,Douglas,Foster,62-(485)219-0666,dfosterjp@geocities.com,Tagchat
,Douglas,Jackson,381-(320)247-8154,djackson8f@bloglovin.com,Zoonoodle
,Douglas,Rogers,92-(962)499-6672,drogers3m@nsw.gov.au,Minyx
,Earl,Butler,86-(956)534-9953,ebutlerpw@hao123.com,Trilith
,Earl,Elliott,63-(124)819-7376,eelliottk1@delicious.com,Digitube
,Earl,Hicks,46-(961)306-8880,ehicks50@salon.com,Centidel
,Edward,Palmer,380-(441)499-8306,epalmer17@xrea.com,Youspan
,Edward,Ward,20-(339)730-5959,eward3n@skyrock.com,Livetube
,Edward,Wells,359-(931)353-7928,ewells5i@blog.com,Trudoo
,Edward,Young,46-(726)711-3726,eyoung4b@kickstarter.com,Yakitri
,Elizabeth,Carroll,234-(792)838-1171,ecarroll9i@google.pl,Mynte
,Elizabeth,Graham,30-(186)318-3352,egrahamf2@newyorker.com,Yoveo
,Elizabeth,Gray,33-(675)327-9279,egray9n@virginia.edu,Trilia
,Elizabeth,Green,62-(120)597-9489,egreen67@umn.edu,Innotype
,Elizabeth,Lawson,55-(355)611-5070,elawson6i@shutterfly.com,Mudo
,Elizabeth,Mccoy,86-(674)224-3473,emccoyl2@ox.ac.uk,Tagtune
,Elizabeth,Wagner,54-(389)510-1265,ewagner9s@tripod.com,Bluejam
,Emily,Anderson,86-(870)118-6886,eanderson55@mozilla.com,BlogXS
,Emily,Garcia,506-(935)379-7969,egarcia8j@nature.com,Zoonoodle
,Emily,Long,86-(918)167-6121,elongcs@deviantart.com,Quamba
,Emily,Lopez,380-(998)604-3534,elopezho@joomla.org,Devbug
,Emily,Perry,55-(278)740-4455,eperrymx@angelfire.com,Dynazzy
,Emily,Rodriguez,52-(372)227-9893,erodriguezfx@comcast.net,Trunyx
,Emily,Washington,7-(537)430-3264,ewashingtonon@chicagotribune.com,Riffpedia
,Eric,Alvarez,86-(960)136-6448,ealvareznq@edublogs.org,Npath
,Eric,Austin,44-(142)135-0013,eaustin46@webmd.com,Browseblab
,Eric,Baker,502-(571)350-3601,ebaker5y@icq.com,Brainsphere
,Eric,Cunningham,62-(660)192-2496,ecunninghame7@alibaba.com,Tagtune
,Eric,Dean,380-(190)643-7730,edean84@blogspot.com,Yakidoo
,Eric,Hamilton,98-(635)658-8936,ehamiltonhe@netvibes.com,Zoomcast
,Eric,Hudson,55-(439)625-0865,ehudsongk@ezinearticles.com,Riffpath
,Eric,Kelly,356-(672)636-1893,ekellyi2@wufoo.com,Zoomlounge
,Eric,King,86-(791)584-2502,ekingab@indiatimes.com,Bubblemix
,Eric,Mills,216-(418)114-4390,emillsm9@imgur.com,Feedmix
,Eric,Rodriguez,380-(574)286-3375,erodriguezkq@moonfruit.com,Realmix
,Eric,Welch,62-(664)670-6520,ewelchh2@histats.com,Yakidoo
,Ernest,Campbell,62-(895)912-2597,ecampbellp9@blog.com,Photobean
,Ernest,Daniels,57-(374)715-2335,edanielsbq@vk.com,Viva
,Ernest,Long,33-(954)811-2522,elong2f@indiatimes.com,Quimm
,Ernest,Washington,54-(343)753-3992,ewashingtondp@printfriendly.com,Devshare
,Ernest,Wheeler,222-(749)301-9284,ewheelergv@topsy.com,Zoozzy
,Eugene,Carr,255-(246)197-8585,ecarrio@cnn.com,Skippad
,Eugene,Cunningham,351-(139)592-0242,ecunningham69@paypal.com,Quatz
,Eugene,Gonzalez,54-(186)387-1639,egonzalez5v@yandex.ru,Skipfire
,Eugene,Thompson,51-(850)586-4529,ethompsonj8@virginia.edu,Katz
,Eugene,Warren,386-(136)369-3372,ewarrenjd@ftc.gov,Einti
,Evelyn,Sanchez,33-(539)939-9288,esanchezd1@craigslist.org,Npath
,Evelyn,Simpson,66-(106)696-7214,esimpsonqx@liveinternet.ru,Plajo
,Frances,Hamilton,27-(675)307-5247,fhamilton87@hostgator.com,Gigaclub
,Frances,Lawson,380-(700)926-6142,flawsonq1@patch.com,Browseblab
,Frances,Matthews,33-(158)148-8129,fmatthewsi0@dion.ne.jp,Meejo
,Frances,Nelson,86-(764)335-8164,fnelson5x@prweb.com,Devpulse
,Frances,Nguyen,263-(506)471-9670,fnguyenco@canalblog.com,Wordify
,Frances,Ramirez,86-(593)934-3964,framirez9v@cbc.ca,Shufflester
,Frances,Rivera,51-(680)509-1236,friverag3@globo.com,Yoveo
,Frances,Ross,63-(744)932-5596,frossjq@bing.com,Fivebridge
,Frances,Russell,7-(314)607-2871,frussellj5@imgur.com,Linkbridge
,Frances,Stewart,62-(323)813-0136,fstewart3f@earthlink.net,Yakijo
,Frances,Wells,62-(607)956-9281,fwells6y@symantec.com,Quatz
,Frank,Foster,48-(690)833-1112,ffosterh4@w3.org,Aibox
,Fred,Jacobs,30-(353)225-2407,fjacobsmz@hexun.com,Jatri
,Fred,Martin,48-(881)359-0920,fmartin48@geocities.jp,LiveZ
,Fred,Ramirez,86-(800)371-3436,framirez6b@webeden.co.uk,Wikizz
,Fred,Riley,66-(311)361-2469,frileyo8@vk.com,Gevee
,Fred,Scott,86-(908)591-5692,fscott1b@drupal.org,Myworks
,Fred,Wilson,257-(171)881-8854,fwilsonkh@wiley.com,Leexo
,Gary,Johnston,48-(195)577-0651,gjohnstonmn@elegantthemes.com,Nlounge
,Gary,Martinez,63-(985)614-0126,gmartinezim@wordpress.com,Photojam
,Gary,Turner,380-(672)369-4716,gturner7t@toplist.cz,Eadel
,George,Barnes,30-(810)149-6648,gbarnescm@globo.com,Mudo
,George,Castillo,55-(211)743-8145,gcastillogm@lycos.com,Yotz
,George,Collins,420-(239)890-8461,gcollinsmw@ustream.tv,Youspan
,George,Henry,86-(485)784-3381,ghenryl3@mysql.com,Realblab
,George,Jackson,49-(356)132-2626,gjacksonq6@technorati.com,Yakitri
,George,Matthews,86-(604)689-4151,gmatthewsd3@rakuten.co.jp,Yodel
,George,Moore,420-(155)813-3432,gmoore5k@zdnet.com,Bubblemix
,George,Stone,49-(443)592-1553,gstonenm@mozilla.com,Oyoba
,George,Ward,86-(234)799-1160,gwardd0@twitpic.com,Topicware
,Gerald,Dixon,54-(970)592-7681,gdixonfp@ifeng.com,Jayo
,Gerald,Ferguson,48-(256)401-7548,gferguson3z@smugmug.com,Yamia
,Gerald,Frazier,7-(430)690-5761,gfrazierkc@mit.edu,Tazz
,Gerald,Hansen,62-(615)361-8149,ghansen2c@indiegogo.com,Edgetag
,Gerald,Howard,54-(905)145-5792,ghowardif@harvard.edu,Thoughtbeat
,Gerald,Tucker,66-(112)165-3242,gtuckerw@google.cn,Omba
,Gloria,Anderson,373-(332)138-4473,gandersonjw@yahoo.com,Katz
,Gloria,Carpenter,48-(550)355-5807,gcarpenter2q@accuweather.com,LiveZ
,Gloria,Grant,236-(473)297-3662,ggrantnj@theguardian.com,Wordpedia
,Gloria,Powell,351-(541)240-2203,gpowellit@constantcontact.com,Muxo
,Gloria,Richards,63-(686)557-6559,grichardshi@hp.com,Quire
,Gregory,Hansen,242-(279)490-4296,ghansenel@furl.net,Rooxo
,Gregory,Ryan,233-(196)579-9142,gryaniw@wunderground.com,Linkbridge
,Harold,Arnold,241-(650)390-5453,harnoldha@dyndns.org,Yombu
,Harold,Burke,1-(247)411-3809,hburke1n@amazon.de,Flipstorm
,Harold,Cooper,49-(772)673-7841,hcooperak@discovery.com,Centidel
,Harold,Ford,58-(136)758-8212,hfordbo@example.com,Realblab
,Harold,Henry,58-(614)207-8854,hhenry71@time.com,Tagchat
,Harold,Martinez,7-(401)860-2455,hmartinez3x@sogou.com,Quamba
,Harold,Mccoy,86-(817)127-6749,hmccoyb9@washington.edu,Agivu
,Harold,Porter,966-(149)868-9623,hporteric@scientificamerican.com,Realfire
,Harold,Rogers,1-(657)645-1680,hrogerslt@vk.com,Riffpath
,Harry,Carr,62-(243)368-3831,hcarr7h@liveinternet.ru,Muxo
,Harry,Hicks,225-(999)148-9426,hhickslx@acquirethisname.com,Livepath
,Harry,Nichols,86-(394)583-9391,hnicholsc9@eventbrite.com,Blogtags
,Harry,Peterson,86-(383)166-6713,hpetersondc@smugmug.com,Pixope
,Harry,Powell,86-(430)598-8236,hpowellj@macromedia.com,Shufflebeat
,Heather,Carter,385-(944)239-0312,hcarter2g@sina.com.cn,Voomm
,Heather,Cook,970-(912)589-1988,hcooknu@apache.org,Meembee
,Heather,Larson,84-(613)957-8604,hlarson1@slashdot.org,Mybuzz
,Heather,Palmer,86-(384)341-8881,hpalmered@google.ca,Thoughtmix
,Heather,Price,86-(766)613-9878,hprice3d@abc.net.au,Devpulse
,Helen,Cole,7-(670)206-4416,hcole4n@eepurl.com,Layo
,Helen,Hamilton,249-(519)939-7793,hhamiltonq0@utexas.edu,Vinte
,Helen,Johnston,242-(810)293-4637,hjohnston2e@yellowpages.com,Digitube
,Helen,Martin,86-(700)985-5299,hmartina6@etsy.com,Skynoodle
,Helen,Palmer,62-(955)817-5301,hpalmerfc@goo.gl,Yoveo
,Helen,Ray,55-(570)676-0500,hrayfm@drupal.org,Demivee
,Helen,Tucker,66-(281)627-9236,htucker59@go.com,Edgeclub
,Henry,Arnold,7-(509)623-7360,harnoldrj@slashdot.org,Minyx
,Henry,Bryant,7-(881)553-1178,hbryant6k@about.me,Skinix
,Henry,Franklin,389-(785)259-6711,hfranklinm@zdnet.com,Voonder
,Henry,Hudson,86-(624)570-4633,hhudsonag@timesonline.co.uk,Jaloo
,Henry,Jackson,86-(317)799-0280,hjacksont@sitemeter.com,Twitterwire
,Henry,Mills,86-(427)882-8687,hmillspi@freewebs.com,Yamia
,Howard,Bryant,64-(972)231-8774,hbryantks@smh.com.au,Jetpulse
,Howard,Butler,86-(970)188-4256,hbutlerd2@over-blog.com,Centizu
,Howard,Hicks,220-(392)166-2423,hhicksmi@privacy.gov.au,Gabcube
,Howard,Hunter,509-(120)794-8389,hhuntern4@home.pl,Jaxnation
,Howard,Lynch,351-(784)148-2001,hlynchol@com.com,Divanoodle
,Irene,Adams,86-(180)903-0568,iadamse5@blog.com,Trupe
,Irene,Hamilton,251-(165)316-3708,ihamiltonhu@salon.com,Skyvu
,Irene,Jacobs,1-(912)895-8457,ijacobs9c@wp.com,Dabtype
,Irene,Jones,52-(342)757-8921,ijones27@51.la,Quamba
,Irene,Ortiz,62-(782)603-1715,iortizb0@bandcamp.com,Browsezoom
,Irene,Robertson,55-(357)418-2449,irobertsonar@oaic.gov.au,Skyndu
,Irene,Shaw,86-(448)308-6561,ishaw3j@dailymail.co.uk,Podcat
,Irene,Simmons,380-(106)999-4350,isimmons7o@ebay.co.uk,Camimbo
,Jack,Bailey,57-(698)605-4114,jbaileypc@last.fm,Zooveo
,Jack,Nguyen,31-(940)117-3875,jnguyenqm@virginia.edu,Skiptube
,Jack,Ross,62-(529)506-7644,jross52@nasa.gov,Geba
,Jack,Welch,33-(872)296-2894,jwelchfa@tiny.cc,Tazzy
,Jacqueline,Anderson,254-(745)717-8743,jandersonc8@opera.com,Vinte
,Jacqueline,Fields,386-(191)338-8326,jfields8t@usatoday.com,Meedoo
,Jacqueline,Freeman,62-(974)551-7558,jfreemanjm@ted.com,Yabox
,James,Fowler,86-(101)837-4513,jfowler2w@blinklist.com,Livetube
,James,Tucker,58-(596)161-5776,jtuckerju@domainmarket.com,Bubblebox
,James,Young,220-(526)527-9253,jyounglc@goo.gl,Quimm
,Jane,Gonzalez,55-(721)555-8101,jgonzalez36@amazonaws.com,Edgeify
,Jane,Gray,62-(297)956-6985,jgrayiu@dell.com,Divanoodle
,Jane,Martin,66-(539)281-6296,jmartinqa@upenn.edu,Linkbridge
,Jane,Sims,1-(434)997-3087,jsims6t@amazon.com,Lazzy
,Janet,Chapman,86-(700)846-8871,jchapmanei@dell.com,Youbridge
,Janet,Diaz,387-(732)164-3754,jdiazkx@geocities.jp,Kare
,Janice,Gutierrez,62-(637)645-2355,jgutierrez4h@google.ca,Riffwire
,Janice,Nguyen,55-(195)697-5453,jnguyenba@quantcast.com,Jatri
,Janice,Parker,62-(663)525-4153,jparker3g@slate.com,Blogspan
,Janice,Rose,63-(639)993-2245,jrose49@npr.org,Skivee
,Janice,Tucker,30-(372)263-4207,jtuckerb4@hatena.ne.jp,Agimba
,Jason,Boyd,355-(941)620-0866,jboydi6@washingtonpost.com,Centizu
,Jason,Cooper,62-(699)828-1929,jcooper8w@1und1.de,Feednation
,Jason,Daniels,597-(266)127-9763,jdanielsbb@nymag.com,Devshare
,Jason,Graham,7-(481)979-6382,jgraham93@com.com,Gevee
,Jason,Hayes,966-(756)171-5835,jhayesep@google.com.au,Topicshots
,Jason,Ray,62-(851)705-1235,jray3e@163.com,Bubbletube
,Jason,Turner,255-(722)402-7137,jturner7k@deliciousdays.com,Jabbersphere
,Jean,Hart,212-(639)227-1254,jhartbi@weebly.com,Dazzlesphere
,Jeffrey,Fernandez,48-(929)623-1363,jfernandeznz@soundcloud.com,Izio
,Jeffrey,George,30-(937)565-1901,jgeorgeqe@phpbb.com,Kwimbee
,Jeffrey,Gibson,48-(977)173-2399,jgibsonm7@barnesandnoble.com,Ailane
,Jeffrey,Jacobs,420-(456)173-9980,jjacobsls@angelfire.com,Buzzbean
,Jeffrey,Morgan,51-(916)706-1523,jmorgane1@bluehost.com,Zoomdog
,Jeffrey,Olson,351-(673)352-6401,jolson2h@mapquest.com,Eabox
,Jeffrey,Rice,86-(480)894-0427,jriceap@sitemeter.com,Skyba
,Jeffrey,Snyder,53-(721)896-8928,jsnyderp0@thetimes.co.uk,Thoughtmix
,Jeffrey,Taylor,968-(908)780-7820,jtaylor64@163.com,Divape
,Jeffrey,Ward,375-(506)914-5575,jwardah@facebook.com,Blogspan
,Jeffrey,West,7-(710)684-0563,jwestor@homestead.com,Geba
,Jennifer,Gray,232-(631)213-4886,jgrayis@tuttocitta.it,Eare
,Jennifer,Hall,63-(925)834-4774,jhallij@163.com,Dynabox
,Jennifer,Lawrence,63-(496)360-9141,jlawrencehq@jugem.jp,Mybuzz
,Jennifer,Ortiz,62-(728)558-0836,jortizhn@pen.io,Lazzy
,Jennifer,Reynolds,504-(799)984-4314,jreynolds8p@networkadvertising.org,Buzzdog
,Jennifer,Roberts,62-(738)289-2494,jroberts65@wunderground.com,Rhyloo
,Jennifer,Torres,46-(442)837-8316,jtorresmd@tamu.edu,Latz
,Jeremy,Griffin,60-(734)986-3583,jgriffin7c@dyndns.org,Dabvine
,Jeremy,Lee,502-(712)538-8106,jlee95@livejournal.com,Dabjam
,Jeremy,Stewart,7-(802)584-0524,jstewartmm@vinaora.com,Gabvine
,Jeremy,White,1-(977)891-2536,jwhiteok@google.cn,Meezzy
,Jerry,Jenkins,33-(481)492-7557,jjenkinsdf@1688.com,Linkbuzz
,Jerry,Medina,86-(751)205-6969,jmedinai@smugmug.com,Eayo
,Jerry,Ross,7-(327)853-5484,jrossgq@google.ru,Muxo
,Jesse,Bishop,62-(420)549-1418,jbishopcn@businessweek.com,Feedbug
,Jesse,Cooper,593-(680)934-1000,jcooperf7@yelp.com,Dabshots
,Jesse,Foster,358-(144)915-0503,jfoster9h@patch.com,Bubblemix
,Jesse,Hansen,46-(722)751-9849,jhansenjk@nasa.gov,Trupe
,Jesse,Kelley,52-(336)638-7643,jkelley28@dailymotion.com,Oodoo
,Jesse,Reynolds,47-(805)992-9052,jreynoldseb@hibu.com,Voomm
,Jessica,Black,385-(556)389-9712,jblackdn@harvard.edu,Trilia
,Jessica,Medina,86-(443)916-5446,jmedina5g@ed.gov,Roodel
,Jessica,Nelson,351-(462)361-9204,jnelsonni@mashable.com,Podcat
,Jessica,Shaw,55-(674)446-8168,jshaw4d@dmoz.org,Kayveo
,Jessica,Stanley,46-(534)560-1321,jstanleyai@salon.com,Meevee
,Jimmy,Ramirez,62-(724)466-4850,jramirezqg@wikipedia.org,Riffpath
,Jimmy,Ruiz,86-(967)547-2147,jruizgg@com.com,Linkbridge
,Joan,Burke,234-(822)501-2540,jburkec4@gov.uk,Edgewire
,Joan,Gordon,55-(142)245-7972,jgordon8y@geocities.com,Pixoboo
,Joan,Jacobs,62-(448)658-2528,jjacobsjo@dropbox.com,Ntag
,Joan,Powell,886-(271)830-4532,jpowellkv@google.co.uk,Brainverse
,Joe,Cook,63-(803)224-4681,jcook8x@twitter.com,Avavee
,Joe,Franklin,86-(893)807-5323,jfranklinaz@barnesandnoble.com,Tavu
,Joe,Rogers,380-(954)874-2026,jrogersm3@bandcamp.com,Rooxo
,Joe,Ruiz,351-(928)373-7725,jruizp8@economist.com,Flashpoint
,Joe,Walker,62-(416)144-9528,jwalkerfr@yandex.ru,Livefish
,John,Bell,358-(824)376-0595,jbelloo@tinypic.com,Thoughtbeat
,John,Berry,51-(271)138-7808,jberrye6@acquirethisname.com,Quaxo
,John,Fowler,58-(753)546-8438,jfowlerb@macromedia.com,Feedfish
,Johnny,Howell,420-(399)581-2838,jhowell3i@mit.edu,Devify
,Johnny,Reynolds,62-(290)208-7003,jreynoldsg5@jalbum.net,Thoughtworks
,Johnny,Spencer,502-(372)318-7669,jspencerj6@redcross.org,Skipfire
,Jonathan,Berry,27-(780)680-5016,jberry6a@ycombinator.com,Eadel
,Jonathan,Fields,86-(509)261-3138,jfields1y@xinhuanet.com,Wikido
,Jonathan,Medina,54-(942)130-9302,jmedina8@who.int,Skiba
,Jonathan,Price,63-(401)278-2042,jpricerb@economist.com,Edgeclub
,Jonathan,White,372-(298)532-1148,jwhitegu@hugedomains.com,Youfeed
,Jose,Burns,387-(977)304-6324,jburnsos@yandex.ru,Topiclounge
,Jose,Mendoza,86-(825)982-8887,jmendozaku@imgur.com,Centizu
,Jose,Perez,7-(377)632-1333,jperez5@icq.com,Yacero
,Joseph,Adams,351-(260)258-5159,jadamsdz@virginia.edu,Skaboo
,Joseph,Banks,7-(180)301-0075,jbanksjz@sogou.com,Trilith
,Joseph,Bell,1-(714)962-4411,jbell1j@nps.gov,Blogpad
,Joseph,Carter,216-(999)333-6829,jcarter51@naver.com,Eamia
,Joseph,Johnston,51-(363)742-2370,jjohnstoniq@networksolutions.com,Youopia
,Joseph,Owens,84-(265)589-0578,jowensqr@istockphoto.com,Quatz
,Joseph,Wood,254-(533)229-1822,jwoodmh@miibeian.gov.cn,Kwimbee
,Joshua,Coleman,33-(445)912-6404,jcolemanfi@squidoo.com,Trudeo
,Joshua,Harvey,261-(414)588-0261,jharveyi1@weibo.com,Thoughtbeat
,Joshua,Myers,62-(521)179-0104,jmyersfz@uiuc.edu,Yakitri
,Joshua,Rodriguez,86-(683)412-6916,jrodriguez7b@ibm.com,Thoughtstorm
,Joyce,Diaz,86-(262)719-4746,jdiaz61@cam.ac.uk,Camido
,Joyce,Martin,92-(738)850-0952,jmartinez@wufoo.com,Jabbertype
,Joyce,Morales,62-(458)953-7157,jmorales2z@ox.ac.uk,Livefish
,Joyce,Ryan,31-(920)904-5546,jryan6@cbsnews.com,Flashdog
,Joyce,Sullivan,1-(515)210-9920,jsullivanr5@4shared.com,Mynte
,Joyce,Tucker,55-(910)827-2163,jtuckerqt@sitemeter.com,Browsetype
,Juan,Burton,48-(245)629-2245,jburtonkm@mashable.com,Devify
,Juan,Cruz,92-(834)808-8450,jcruz94@apple.com,Zoomlounge
,Juan,Graham,62-(777)640-7564,jgrahamgx@360.cn,Voomm
,Juan,Kennedy,46-(260)285-5932,jkennedyb8@techcrunch.com,Geba
,Juan,Myers,63-(468)226-5773,jmyersc6@epa.gov,Buzzbean
,Juan,Payne,46-(883)655-3946,jpayneny@gmpg.org,Camimbo
,Juan,Robertson,52-(934)414-4576,jrobertsoncj@discovery.com,Skynoodle
,Juan,Stewart,86-(590)406-8166,jstewartqq@addtoany.com,Skinder
,Judith,Andrews,351-(288)897-9616,jandrewskn@usatoday.com,Eayo
,Judith,Lawson,86-(830)515-1154,jlawsonmv@sbwire.com,Voonix
,Judith,Miller,86-(187)674-9890,jmillerik@mozilla.com,Innojam
,Judith,Watkins,55-(401)490-8964,jwatkinss@icq.com,Twinder
,Judy,Burton,504-(274)771-8367,jburton79@reference.com,Zoombeat
,Judy,Fernandez,62-(409)139-1220,jfernandez1i@pagesperso-orange.fr,Browsedrive
,Judy,Fields,30-(896)197-6221,jfieldsib@thetimes.co.uk,Twitterlist
,Judy,Frazier,375-(289)766-0518,jfrazier6c@dedecms.com,Topiclounge
,Judy,Henry,62-(682)238-0610,jhenry4z@xinhuanet.com,Livetube
,Judy,Mcdonald,7-(166)533-9339,jmcdonaldp@pagesperso-orange.fr,Mydeo
,Judy,Morris,995-(473)615-5944,jmorris6d@examiner.com,Linktype
,Julia,Peters,55-(451)386-7547,jpetersac@china.com.cn,Wikido
,Julia,Vasquez,63-(232)506-6243,jvasquez8e@google.com.au,Yombu
,Julie,Bennett,7-(904)460-2096,jbennett25@hatena.ne.jp,Photobean
,Julie,Dixon,7-(209)848-1563,jdixonz@shareasale.com,Mudo
,Julie,Hill,86-(261)707-0437,jhillef@goo.ne.jp,Pixonyx
,Julie,Lee,62-(480)227-7760,jlee3p@clickbank.net,Skinix
,Julie,Morris,358-(220)949-9339,jmorris8u@bluehost.com,Linktype
,Julie,Ortiz,86-(624)111-7092,jortiz4x@sun.com,Wikido
,Karen,Bell,33-(474)769-5445,kbell1k@hexun.com,Skiba
,Karen,Castillo,86-(330)821-7065,kcastillobk@wikimedia.org,Browsebug
,Karen,Gilbert,86-(891)381-2801,kgilbertqh@marriott.com,Gabspot
,Karen,Nichols,62-(947)469-8971,knichols3k@independent.co.uk,Voomm
,Karen,Sims,31-(129)405-2603,ksimsev@constantcontact.com,Topiczoom
,Karen,Stewart,58-(604)111-9764,kstewart2l@google.com.hk,Topicshots
,Katherine,Howell,7-(364)497-2190,khowell21@wordpress.org,Oyope
,Katherine,Lopez,93-(361)609-0863,klopez7w@abc.net.au,Ainyx
,Katherine,Moore,86-(840)685-3128,kmooreop@vistaprint.com,Wikizz
,Kathleen,Baker,372-(895)673-7915,kbakermt@dailymotion.com,Yadel
,Kathleen,Banks,7-(552)670-7854,kbanksgw@rakuten.co.jp,Edgeify
,Kathleen,Palmer,420-(845)703-8465,kpalmerl1@fema.gov,Browsebug
,Kathleen,Simmons,7-(899)932-2679,ksimmons9f@paypal.com,Jaxspan
,Kathleen,Sullivan,86-(789)144-8455,ksullivan5e@discuz.net,Eidel
,Kathryn,Austin,234-(179)115-9562,kaustina3@yellowbook.com,Babbleopia
,Kathryn,Bryant,20-(546)835-8735,kbryant4i@t.co,Flashdog
,Kathryn,Hill,1-(858)627-4914,khill19@jigsy.com,Flashset
,Kathryn,Lynch,351-(539)227-5395,klynch6q@webmd.com,JumpXS
,Kathryn,Sims,505-(545)345-5767,ksimshf@samsung.com,Livepath
,Kathy,Berry,63-(875)758-5528,kberry77@mozilla.com,Tagcat
,Kathy,Castillo,33-(326)328-4263,kcastillohg@cbslocal.com,Brainverse
,Kathy,Cook,386-(115)853-2073,kcookh1@github.com,Divavu
,Kathy,Gilbert,48-(963)730-9185,kgilbert3l@aol.com,Kazio
,Kathy,Kim,86-(962)680-5513,kkimj9@taobao.com,Voolia
,Kathy,Robinson,7-(304)995-3588,krobinsonpp@ning.com,Muxo
,Keith,Armstrong,58-(115)827-4949,karmstrongf1@scribd.com,Abata
,Keith,Chavez,86-(525)991-2637,kchavezfo@reuters.com,Trudoo
,Keith,Ellis,7-(231)188-3335,kelliskr@com.com,Linkbridge
,Keith,Garrett,62-(756)939-6004,kgarretta0@tinyurl.com,Zoombeat
,Keith,Miller,48-(896)383-9192,kmiller8g@pen.io,Gigazoom
,Keith,Moreno,385-(191)780-6202,kmoreno96@surveymonkey.com,Vinder
,Keith,Washington,51-(941)797-0431,kwashington6p@wordpress.org,Realbridge
,Kelly,Cunningham,62-(964)211-5473,kcunninghamih@sfgate.com,Twimbo
,Kelly,Jones,55-(850)980-5374,kjonesq3@princeton.edu,Tagfeed
,Kelly,Knight,66-(659)710-4133,kknight2m@cbc.ca,Twitterbeat
,Kelly,White,86-(666)257-6807,kwhite2t@macromedia.com,Skinte
,Kenneth,Fernandez,81-(200)371-0002,kfernandezow@mtv.com,Dabvine
,Kenneth,Gordon,86-(765)714-0115,kgordoncl@google.es,Ntags
,Kenneth,Ross,48-(532)660-8007,kross88@dion.ne.jp,Trilia
,Kevin,Carpenter,63-(629)684-5491,kcarpenter3q@simplemachines.org,Topiczoom
,Kevin,Garcia,55-(130)132-4159,kgarcia23@state.tx.us,InnoZ
,Kevin,Graham,1-(602)344-6330,kgrahamqv@engadget.com,Twitterwire
,Kevin,Green,33-(812)397-1414,kgreen2u@washington.edu,Fivechat
,Kevin,Hart,57-(664)900-8995,khartlz@sbwire.com,Skimia
,Kevin,Reynolds,86-(932)537-5067,kreynolds3t@unesco.org,Dynazzy
,Kevin,Robertson,86-(857)110-7726,krobertsonqu@usa.gov,Skinix
,Kevin,Thompson,30-(620)743-2007,kthompsonl9@shareasale.com,Kare
,Kimberly,Collins,7-(915)153-1392,kcollinsbd@myspace.com,Wordtune
,Kimberly,Dunn,967-(620)468-2395,kdunni9@google.pl,Quaxo
,Kimberly,Griffin,975-(674)775-3444,kgriffin7m@lycos.com,Skippad
,Kimberly,Lewis,855-(774)225-1828,klewis5f@google.es,Dabjam
,Kimberly,Ortiz,55-(867)606-1431,kortizb2@yelp.com,Livepath
,Laura,Chapman,62-(223)415-7427,lchapmancq@yellowpages.com,Dazzlesphere
,Laura,Cole,63-(596)744-1372,lcolef9@behance.net,Centimia
,Laura,George,86-(313)727-3323,lgeorgea9@webmd.com,Jetwire
,Laura,Hayes,86-(694)977-9156,lhayeskl@uiuc.edu,Jaxbean
,Laura,Myers,970-(990)722-6558,lmyers29@last.fm,Yodoo
,Laura,Pierce,86-(472)723-2975,lpiercelj@shinystat.com,Feedfire
,Lawrence,Andrews,62-(149)703-4284,landrewsc5@over-blog.com,Snaptags
,Lawrence,Coleman,359-(482)734-2463,lcolemanrq@narod.ru,Agimba
,Lawrence,Diaz,52-(347)698-1546,ldiazn@businesswire.com,Wordware
,Lawrence,Jackson,55-(616)288-7836,ljacksong7@technorati.com,Voonte
,Lawrence,Mitchell,86-(531)241-7764,lmitchelllq@washington.edu,Yodo
,Lillian,Austin,33-(647)847-1433,laustino5@usatoday.com,Jayo
,Lillian,Castillo,57-(535)395-9144,lcastillo75@bloomberg.com,Kimia
,Lillian,Fields,86-(108)864-0122,lfieldsro@facebook.com,Fadeo
,Lillian,West,48-(484)693-2313,lwestqp@huffingtonpost.com,Cogilith
,Linda,Arnold,86-(969)689-1117,larnold7g@hao123.com,Skajo
,Linda,Cole,86-(743)413-8026,lcolek5@bigcartel.com,Skinder
,Linda,Nelson,49-(813)286-4241,lnelsonnx@noaa.gov,Yacero
,Linda,Ramos,48-(675)391-7596,lramos4v@sina.com.cn,Ailane
,Linda,Richardson,62-(743)604-2803,lrichardsonlm@skyrock.com,Riffpath
,Lisa,Castillo,62-(999)624-1629,lcastillo7f@reference.com,Oyoyo
,Lisa,Crawford,225-(416)466-1801,lcrawford1s@123-reg.co.uk,Jaxworks
,Lisa,Harrison,62-(172)238-0514,lharrisoni4@bluehost.com,Lajo
,Lisa,Henry,48-(520)245-6057,lhenryp7@yale.edu,Youfeed
,Lisa,Miller,86-(786)475-1875,lmiller6v@nhs.uk,Oyope
,Lois,Burton,212-(207)277-3419,lburton9o@hubpages.com,Dynabox
,Lois,Tucker,30-(341)993-8066,ltuckerj1@google.it,Tazzy
,Lois,Wheeler,595-(296)370-0769,lwheelera@1688.com,Dynabox
,Lori,Cox,86-(524)159-3829,lcoxnc@discovery.com,Aimbu
,Lori,Graham,56-(218)723-6684,lgraham6j@upenn.edu,Rhynyx
,Lori,Greene,55-(694)647-5315,lgreene9k@cnbc.com,Podcat
,Lori,Hawkins,86-(839)998-8488,lhawkins1c@blogspot.com,Voonyx
,Lori,Mcdonald,86-(611)271-2809,lmcdonaldly@patch.com,Yakidoo
,Lori,Ross,55-(653)240-7324,lrossm5@usgs.gov,Rhynoodle
,Lori,Ruiz,351-(909)607-4888,lruizqf@etsy.com,Jabberstorm
,Lori,Smith,7-(531)351-0831,lsmith9g@scribd.com,Rhyloo
,Lori,Thomas,86-(996)921-8901,lthomasri@myspace.com,Myworks
,Lori,Weaver,46-(280)503-2159,lweaverdv@linkedin.com,InnoZ
,Louis,Bowman,86-(928)413-0667,lbowman10@psu.edu,Quamba
,Louis,Cox,66-(214)870-8047,lcoxpt@mapquest.com,Topiclounge
,Louis,Griffin,351-(524)660-3038,lgriffinbw@china.com.cn,Quire
,Louis,Gutierrez,994-(711)551-7491,lgutierrezir@g.co,Divape
,Louis,Hughes,227-(303)480-9479,lhughesps@si.edu,Eare
,Louise,Alvarez,34-(392)979-4084,lalvarez1m@squidoo.com,Tanoodle
,Louise,Burns,55-(813)912-6054,lburns8q@merriam-webster.com,Flashspan
,Louise,Carpenter,48-(101)263-4462,lcarpentercb@sogou.com,Browsebug
,Louise,Carroll,7-(926)120-0970,lcarroll7z@state.gov,Kwideo
,Louise,Gray,55-(390)921-7999,lgray7@uiuc.edu,Lazz
,Louise,Hayes,52-(938)294-6949,lhayespf@bigcartel.com,Trilia
,Louise,Lawson,54-(243)351-4926,llawson1q@japanpost.jp,Realbuzz
,Mabeesha,Wijekoon,07738948729,mabeesharj@gmail.com,google
,Margaret,Lee,1-(609)409-5958,mleebj@sfgate.com,Dynabox
,Margaret,Peters,86-(353)605-4273,mpeters5c@unblog.fr,Wikido
,Margaret,Ryan,46-(966)826-7352,mryan4r@cisco.com,Realmix
,Maria,Fuller,49-(143)930-0634,mfullerrf@sogou.com,Tazzy
,Maria,Gardner,48-(262)774-2536,mgardner86@narod.ru,Janyx
,Maria,Larson,30-(663)489-6170,mlarsonff@delicious.com,Jetpulse
,Maria,Long,234-(430)335-5563,mlongnb@amazon.co.jp,Innotype
,Maria,Olson,7-(658)562-7877,molsong8@csmonitor.com,Kayveo
,Maria,Patterson,31-(320)222-5220,mpattersonbt@storify.com,Divape
,Maria,Tucker,351-(908)182-9210,mtuckerd4@msn.com,Oyoyo
,Marie,Fields,62-(770)994-1552,mfieldsr4@pagesperso-orange.fr,Ooba
,Marie,Gonzales,62-(654)500-9358,mgonzalesgy@godaddy.com,Ailane
,Marie,Stevens,93-(701)587-5149,mstevens74@pbs.org,Kaymbo
,Marie,Thompson,7-(587)508-9154,mthompsonqk@bizjournals.com,Kayveo
,Marilyn,Cox,971-(207)953-4092,mcoxfq@yellowbook.com,Tambee
,Marilyn,Taylor,63-(216)739-0767,mtaylor3c@topsy.com,Browseblab
,Mark,Martinez,30-(443)193-6850,mmartinez6e@cafepress.com,Thoughtstorm
,Mark,Peters,1-(757)753-2067,mpeterse9@yahoo.com,Avavee
,Mark,Richardson,351-(153)201-9813,mrichardsonb6@ocn.ne.jp,Riffwire
,Mark,Ward,54-(577)619-5784,mwardgf@va.gov,Geba
,Mark,Watkins,48-(408)141-2011,mwatkinsbg@edublogs.org,Zoomdog
,Martha,Day,33-(893)689-3725,mdayno@wordpress.com,Devpulse
,Martha,Elliott,55-(895)665-0724,melliottjs@gravatar.com,Yamia
,Martha,Hawkins,380-(496)239-5333,mhawkins4t@about.com,Skippad
,Martha,Kelly,351-(314)331-3663,mkellynh@reddit.com,Devcast
,Martha,Lee,33-(705)196-1464,mleera@vinaora.com,Wordtune
,Martha,Simpson,86-(799)640-4467,msimpsonpl@marriott.com,Thoughtstorm
,Martin,Ellis,53-(225)229-4380,mellis7q@jalbum.net,Roodel
,Martin,Knight,62-(704)835-3846,mknight7e@umich.edu,Mydeo
,Martin,Perry,46-(485)159-1845,mperrycv@wordpress.org,Tagpad
,Mary,Campbell,7-(619)661-3860,mcampbellkb@t-online.de,Meejo
,Mary,Garcia,503-(476)987-3770,mgarciaqo@shutterfly.com,Vitz
,Mary,Hart,86-(817)693-7523,mhartc3@skyrock.com,Bubblebox
,Mary,Little,86-(974)791-6240,mlittle9d@facebook.com,Topicblab
,Mary,Mendoza,63-(146)260-1658,mmendoza6g@netvibes.com,Blogtags
,Mary,Morgan,95-(596)477-2102,mmorgan42@nydailynews.com,Babblestorm
,Mary,Ramirez,976-(577)661-5085,mramirezn0@sohu.com,Chatterpoint
,Matthew,Burke,84-(657)387-0542,mburkele@fema.gov,Kamba
,Matthew,Ortiz,33-(544)990-5039,mortiz12@homestead.com,Youtags
,Matthew,Palmer,55-(124)378-0881,mpalmerlv@youku.com,Voolia
,Matthew,Snyder,62-(853)293-8757,msnyder7v@domainmarket.com,Shuffledrive
,Melissa,Cunningham,81-(287)896-3801,mcunninghamph@alibaba.com,Lazzy
,Melissa,George,7-(964)307-9477,mgeorge85@sbwire.com,Avavee
,Melissa,Peters,20-(434)176-9306,mpeterso0@last.fm,Skaboo
,Melissa,Schmidt,55-(581)807-7686,mschmidt58@bizjournals.com,Jaxworks
,Michael,Dunn,48-(936)271-9630,mdunnem@ucla.edu,Jabberbean
,Michael,Franklin,86-(317)260-4813,mfranklin2k@topsy.com,Flipbug
,Michael,Gutierrez,86-(458)612-6177,mgutierrezjj@aol.com,Vinder
,Michael,Hawkins,33-(812)136-8916,mhawkinsa8@aol.com,Meetz
,Michael,Miller,46-(533)926-5964,mmiller32@adobe.com,Yombu
,Michael,Richards,237-(765)591-7700,mrichards8d@washington.edu,Photolist
,Michael,Russell,256-(830)152-4586,mrussellm1@imageshack.us,Vimbo
,Michael,Simmons,375-(560)984-2806,msimmonsd8@miibeian.gov.cn,Quinu
,Michelle,Bailey,62-(274)383-0607,mbailey62@chron.com,Mynte
,Michelle,Fisher,53-(367)355-9939,mfisherpe@umn.edu,Zoomcast
,Michelle,Perry,355-(294)965-3656,mperryau@newyorker.com,Meevee
,Michelle,Reyes,1-(907)222-2523,mreyes6l@ca.gov,Tazz
,Michelle,Wright,261-(714)920-4366,mwright56@dedecms.com,Kazu
,Mildred,Gordon,591-(463)626-8684,mgordonil@youtu.be,Abatz
,Mildred,Lane,34-(868)688-0760,mlaneas@feedburner.com,Brightbean
,Mildred,Mccoy,1-(330)818-0723,mmccoyk7@dailymotion.com,Twitterbridge
,Mildred,Moreno,57-(782)576-5979,mmorenoq8@hhs.gov,Fanoodle
,Mildred,Ortiz,56-(715)167-6299,mortizgd@linkedin.com,Yotz
,Mildred,Porter,86-(937)818-8872,mporterhj@tuttocitta.it,Eidel
,Nancy,Ford,27-(724)129-7495,nfordnf@networksolutions.com,Geba
,Nancy,King,963-(589)816-6009,nking8k@163.com,Skyvu
,Nancy,Mendoza,48-(442)361-0437,nmendoza20@posterous.com,Jabbersphere
,Nancy,Morgan,380-(620)586-8978,nmorganes@apple.com,Oloo
,Nancy,Roberts,86-(650)456-1206,nrobertsj3@nasa.gov,Meezzy
,Nicholas,Alvarez,62-(590)183-2314,nalvarezpb@stanford.edu,Topicstorm
,Nicholas,Hawkins,86-(682)511-2200,nhawkins18@last.fm,Devbug
,Nicholas,Matthews,225-(827)766-9206,nmatthewsjb@vimeo.com,Jaxworks
,Nicholas,Mills,7-(823)518-1370,nmillscy@miitbeian.gov.cn,Edgetag
,Nicholas,Ramos,1-(414)785-7950,nramosgh@jugem.jp,Kamba
,Nicholas,Wagner,86-(305)569-8019,nwagnerig@reference.com,Skaboo
,Nicole,Bradley,51-(546)544-8912,nbradleyoa@gizmodo.com,Bubblemix
,Nicole,Cook,33-(890)451-9774,ncookh8@edublogs.org,Divanoodle
,Nicole,Day,46-(787)877-6765,ndaybx@webeden.co.uk,Vipe
,Nicole,Ferguson,855-(675)762-0789,nferguson5s@4shared.com,Leenti
,Nicole,Hawkins,62-(359)107-6861,nhawkinsre@imgur.com,Quamba
,Nicole,Thomas,62-(549)364-9991,nthomas6m@cyberchimps.com,Blogpad
,Norma,Barnes,55-(304)185-6352,nbarnesld@bbb.org,Nlounge
,Norma,Burke,98-(274)115-7462,nburkepv@si.edu,Pixonyx
,Norma,Carter,961-(435)398-9928,ncartermy@addthis.com,Realbuzz
,Norma,Stewart,51-(597)702-8116,nstewartme@sakura.ne.jp,Jetpulse
,Pamela,Carroll,86-(759)375-3043,pcarroll2y@netvibes.com,Abata
,Pamela,Cook,53-(144)687-4884,pcookl6@goo.ne.jp,Edgeify
,Pamela,Crawford,7-(728)312-9299,pcrawford1l@netvibes.com,Quimba
,Pamela,Gutierrez,380-(202)765-7522,pgutierrez2@dell.com,Viva
,Pamela,Montgomery,62-(158)251-6561,pmontgomerybh@de.vu,Rhycero
,Pamela,Stewart,86-(373)192-7892,pstewart83@quantcast.com,Wikibox
,Patricia,Harvey,33-(183)848-7438,pharvey1p@hugedomains.com,Kwilith
,Patricia,Hayes,380-(852)287-3011,phayesja@free.fr,BlogXS
,Patricia,Parker,7-(143)817-4995,pparkermc@reverbnation.com,Realpoint
,Patricia,Perry,39-(831)957-3849,pperrynn@imdb.com,Linktype
,Patricia,Ramos,389-(816)103-6646,pramosdi@zdnet.com,Rhycero
,Patricia,Thomas,62-(163)962-5915,pthomas78@barnesandnoble.com,Kamba
,Patricia,Ward,33-(966)994-8243,pwardrk@cnn.com,Zoombeat
,Patrick,Long,63-(699)886-5685,plong1h@gmpg.org,Topdrive
,Patrick,Mccoy,86-(740)288-3451,pmccoy1r@51.la,Edgeblab
,Patrick,Sanchez,46-(315)405-2737,psanchezg4@ustream.tv,InnoZ
,Patrick,Wagner,86-(951)297-3067,pwagnermg@skyrock.com,Lazzy
,Patrick,Warren,7-(964)591-6239,pwarrenrg@umich.edu,Plajo
,Paul,Bennett,62-(222)554-7032,pbennettmb@ucsd.edu,Zoomlounge
,Paul,Green,353-(292)885-6520,pgreen63@hp.com,JumpXS
,Paul,King,7-(295)453-2375,pkinglo@acquirethisname.com,Skyba
,Paul,Martinez,7-(283)673-9310,pmartinezh9@nhs.uk,Mynte
,Paul,Perry,62-(670)644-3403,pperry8b@w3.org,Livepath
,Paula,Dunn,234-(811)521-9535,pdunnb3@wordpress.com,Realbridge
,Paula,Hamilton,86-(875)831-3726,phamiltonh6@yellowpages.com,Fanoodle
,Paula,Hunter,27-(343)355-7176,phunter15@infoseek.co.jp,Dabjam
,Paula,Ortiz,232-(713)623-8149,portiz68@sbwire.com,Linklinks
,Paula,Thomas,62-(337)991-2603,pthomasal@reuters.com,Shufflebeat
,Peter,Alvarez,1-(819)707-1329,palvareze4@goo.ne.jp,Thoughtsphere
,Peter,Ellis,45-(971)661-5350,pellis9y@360.cn,Meembee
,Peter,Gray,86-(598)406-0966,pgrayk6@com.com,Voonix
,Peter,Murphy,86-(784)561-3347,pmurphygp@boston.com,Mudo
,Peter,Porter,33-(683)776-3313,pporterr2@yellowpages.com,Realfire
,Peter,Wells,62-(629)821-4357,pwellshs@ihg.com,Realbuzz
,Philip,Clark,54-(787)198-6820,pclarkkd@barnesandnoble.com,Kamba
,Philip,Kennedy,53-(818)503-9725,pkennedya1@engadget.com,Agimba
,Philip,Rivera,66-(650)976-5286,priveraet@qq.com,Feedmix
,Philip,Rogers,98-(624)517-7160,progersrm@ca.gov,Kwideo
,Philip,Wilson,62-(266)879-4071,pwilson1v@yelp.com,Dabshots
,Phillip,Cole,1-(908)441-1377,pcole9u@nifty.com,Fiveclub
,Phillip,Johnston,7-(940)759-4362,pjohnston3o@imageshack.us,Blogtag
,Phillip,Miller,221-(344)815-5785,pmillerdx@geocities.com,Eayo
,Phillip,Parker,7-(582)761-0249,pparkeriy@china.com.cn,Eazzy
,Phillip,Peterson,93-(757)758-8068,ppeterson3b@pagesperso-orange.fr,Twinte
,Phillip,Richards,93-(472)567-5228,prichardsr1@nasa.gov,Wikibox
,Phillip,Roberts,51-(300)868-1320,probertspg@va.gov,Gigashots
,Phillip,Washington,86-(122)409-2839,pwashingtoneq@redcross.org,Tazzy
,Phillip,Webb,81-(892)356-1728,pwebb1a@soundcloud.com,Geba
,Phyllis,Berry,84-(931)660-1857,pberryng@dropbox.com,Avamba
,Phyllis,Bryant,54-(221)512-7173,pbryant4m@miibeian.gov.cn,Realblab
,Phyllis,Chavez,265-(128)308-8479,pchavezi3@washingtonpost.com,Meeveo
,Phyllis,Clark,54-(861)724-4533,pclarkie@dot.gov,Twitterbridge
,Phyllis,Cruz,33-(642)799-1062,pcruz2b@issuu.com,Kwilith
,Phyllis,Lynch,593-(719)616-8151,plynch8v@unicef.org,Realbridge
,Phyllis,Spencer,351-(811)494-3999,pspencer4y@com.com,Thoughtbeat
,Phyllis,Woods,380-(880)570-1682,pwoods7n@example.com,Mita
,Rachel,Carr,850-(888)298-9490,rcarrom@businessweek.com,Mynte
,Rachel,Franklin,86-(126)885-8466,rfranklinc0@reddit.com,Flashpoint
,Rachel,Hanson,86-(744)931-4786,rhanson4l@google.de,Avavee
,Ralph,Boyd,63-(917)449-7304,rboyddk@clickbank.net,Babbleblab
,Ralph,Day,381-(793)137-3937,rdaydd@hibu.com,Wikibox
,Ralph,Henderson,62-(862)260-2502,rhendersonp2@typepad.com,Centizu
,Ralph,Nguyen,420-(596)994-6448,rnguyen2j@zimbio.com,Voonder
,Ralph,Rodriguez,58-(953)632-3114,rrodriguezqd@sfgate.com,Topicblab
,Randy,Burke,351-(342)189-6325,rburkek0@ca.gov,Roombo
,Randy,Holmes,46-(623)411-4212,rholmeshp@aboutads.info,Omba
,Randy,Jordan,62-(718)535-9663,rjordane3@statcounter.com,Fliptune
,Randy,Morris,66-(336)446-7319,rmorris82@biglobe.ne.jp,Linkbridge
,Raymond,Gilbert,93-(305)822-9622,rgilbert8m@unesco.org,Zoombeat
,Raymond,Gomez,225-(756)600-4483,rgomeznd@blogspot.com,Cogidoo
,Raymond,Washington,261-(233)121-8126,rwashingtonfy@naver.com,Divanoodle
,Rebecca,Burton,66-(186)261-3090,rburtonqj@intel.com,Buzzshare
,Rebecca,Martin,1-(661)897-0554,rmartinlr@usatoday.com,Edgepulse
,Rebecca,Price,880-(724)242-2180,rpricefg@vimeo.com,Eire
,Richard,Clark,7-(543)211-0296,rclarkdl@parallels.com,Myworks
,Richard,Collins,62-(231)312-8274,rcollins3u@youtu.be,Quaxo
,Richard,Gutierrez,420-(793)565-7066,rgutierrezca@ftc.gov,Oozz
,Richard,Hayes,260-(224)606-2586,rhayesdy@walmart.com,Cogilith
,Robert,Garrett,1-(505)361-7532,rgarrettci@blinklist.com,Skilith
,Robert,Hanson,33-(795)120-2841,rhansonl5@craigslist.org,Wikido
,Robert,Murray,55-(390)499-4725,rmurray7j@123-reg.co.uk,Fadeo
,Robert,Watkins,86-(729)187-2513,rwatkinsae@auda.org.au,Devpoint
,Robin,Morris,86-(260)941-6907,rmorriscx@51.la,Edgetag
,Robin,Powell,27-(384)175-8980,rpowellov@jimdo.com,Cogibox
,Roger,Bailey,58-(345)307-2895,rbaileyqw@ezinearticles.com,Yakijo
,Roger,Hill,33-(431)520-1550,rhill8i@linkedin.com,Shufflebeat
,Roger,Sims,30-(361)195-6242,rsims4k@ocn.ne.jp,Wikibox
,Roger,Smith,420-(670)566-9732,rsmithla@google.de,Edgewire
,Ronald,Fowler,993-(190)813-4539,rfowler76@cornell.edu,Zoovu
,Ronald,Hansen,351-(911)999-7904,rhansenpa@gmpg.org,Flashset
,Ronald,Knight,1-(191)372-0657,rknightjg@quantcast.com,Zoovu
,Ronald,Lane,86-(398)369-5068,rlane5t@yandex.ru,Wikizz
,Rose,Flores,351-(607)308-4780,rfloresfn@illinois.edu,Fivechat
,Rose,Martinez,1-(570)389-1322,rmartineza7@wordpress.com,Meevee
,Rose,Perez,86-(520)627-6924,rperezoh@scribd.com,Zoozzy
,Rose,Ray,30-(704)742-5557,rrayhl@harvard.edu,Zava
,Rose,Ross,62-(834)730-6831,rross5j@archive.org,Linkbridge
,Rose,Snyder,7-(215)857-5316,rsnyderd9@parallels.com,Tazz
,Rose,Ward,86-(964)941-9383,rwarda5@who.int,Flashdog
,Roy,Alvarez,972-(918)823-8838,ralvarezl@symantec.com,Tazz
,Roy,Carpenter,1-(834)109-6185,rcarpenteria@nytimes.com,Ntag
,Roy,Jenkins,55-(276)973-2776,rjenkinse@answers.com,Ntag
,Roy,Little,994-(256)832-3245,rlittlepx@google.ru,Feedmix
,Roy,Martinez,60-(195)749-0539,rmartinezv@cafepress.com,Zoomlounge
,Roy,Meyer,7-(430)929-3997,rmeyer5b@google.com.au,Ozu
,Roy,Ray,33-(966)372-1355,rrayey@fema.gov,Tambee
,Roy,Stanley,7-(652)989-7021,rstanleymf@arizona.edu,Livetube
,Ruby,Bishop,86-(467)802-9330,rbishopb7@eventbrite.com,Mynte
,Ruby,Evans,86-(847)705-9918,revansjf@constantcontact.com,Demivee
,Russell,Johnston,86-(239)191-6896,rjohnstonaj@bing.com,Linklinks
,Russell,Myers,33-(262)626-5834,rmyers4u@instagram.com,Yabox
,Russell,Romero,7-(542)457-0422,rromero3w@who.int,Omba
,Ruth,Gomez,48-(978)918-9052,rgomez2o@princeton.edu,Livetube
,Ruth,Hansen,55-(410)228-4511,rhansen1x@friendfeed.com,Tagpad
,Ruth,Jones,7-(439)336-7427,rjonesnk@sogou.com,Plajo
,Ruth,Kim,86-(494)366-7287,rkimoj@mit.edu,Kamba
,Ruth,Nichols,33-(209)477-0280,rnicholsin@npr.org,Skilith
,Ruth,Schmidt,54-(110)998-0115,rschmidt22@1688.com,Livetube
,Ruth,Williamson,66-(612)512-5799,rwilliamson80@time.com,Eazzy
,Ryan,Little,66-(130)837-8419,rlittle5q@umn.edu,Lazzy
,Ryan,Weaver,54-(119)356-8823,rweaver6z@youku.com,Rhyloo
,Samuel,Grant,33-(265)274-5683,sgranto@zdnet.com,Zoozzy
,Samuel,Kennedy,381-(640)176-8687,skennedykt@ihg.com,Realmix
,Samuel,Perez,86-(990)739-7315,sperez2i@businesswire.com,Wordware
,Samuel,Rogers,86-(953)210-6335,srogersbp@ehow.com,Topiclounge
,Samuel,Torres,48-(489)529-0837,storresm0@sina.com.cn,Realbuzz
,Sandra,Carr,33-(728)850-8307,scarrbm@kickstarter.com,Shufflester
,Sandra,Evans,86-(371)746-4663,sevansml@moonfruit.com,Blogtags
,Sandra,Hunt,62-(331)558-1748,shunt45@wordpress.com,Jabberstorm
,Sandra,Russell,51-(166)290-3962,srussellg0@simplemachines.org,Meezzy
,Sara,Carpenter,1-(698)408-3118,scarpenterky@vimeo.com,Buzzster
,Sara,Fowler,86-(392)673-2898,sfowlerjc@msn.com,Browsebug
,Sara,Green,353-(993)344-4686,sgreenm8@goo.ne.jp,Edgeify
,Sara,Perry,370-(101)611-5116,sperrycz@rambler.ru,Wikivu
,Sara,Sanders,86-(441)783-8356,ssanders8r@imgur.com,Yakidoo
,Sara,Watson,63-(745)455-4352,swatsonn7@pcworld.com,Photojam
,Sara,Welch,86-(549)971-0099,swelch2r@woothemes.com,Kimia
,Sarah,Moreno,850-(852)786-0766,smorenopn@marriott.com,Mycat
,Sarah,Perez,33-(884)939-4535,sperezg1@studiopress.com,Zoomlounge
,Sarah,Roberts,63-(357)158-4556,srobertsbf@issuu.com,Agimba
,Sarah,Stewart,86-(449)977-3002,sstewartn3@angelfire.com,Meedoo
,Sarah,Young,7-(430)441-0466,syoungp5@shutterfly.com,Tazzy
,Scott,Dean,55-(587)112-5097,sdeanpo@wordpress.org,Kanoodle
,Scott,Dixon,62-(983)194-8763,sdixonlf@cam.ac.uk,Rhyloo
,Scott,Henderson,86-(940)602-7787,shendersonr8@merriam-webster.com,Skidoo
,Scott,Porter,27-(176)104-0605,sporterk9@aol.com,Aivee
,Scott,West,46-(600)136-6966,swestfv@themeforest.net,Avavee
,Sean,Gilbert,1-(751)489-2374,sgilberteg@de.vu,Skiba
,Sean,Mcdonald,386-(470)407-7269,smcdonaldce@ucoz.com,Wordtune
,Sean,Wright,7-(140)297-5236,swrightr6@e-recht24.de,Gabtune
,Sharon,Black,46-(643)655-3534,sblackr3@tripadvisor.com,Blogspan
,Sharon,Hernandez,7-(510)781-8682,shernandez5h@vistaprint.com,Kare
,Sharon,Torres,234-(153)183-0857,storres3s@sfgate.com,Yakitri
,Sharon,Turner,86-(967)789-0297,sturner14@abc.net.au,Nlounge
,Sharon,Ward,51-(161)926-6144,swardh7@google.nl,Pixope
,Sharon,Weaver,33-(472)958-8003,sweaver1e@imageshack.us,Yakidoo
,Shawn,Carroll,86-(630)833-8430,scarrollaq@netlog.com,Abatz
,Shawn,Cruz,51-(979)672-3700,scruzft@sogou.com,Pixope
,Shawn,Lawson,62-(841)848-6816,slawson5l@fema.gov,Leexo
,Shawn,Sullivan,970-(896)957-7229,ssullivanrh@microsoft.com,Zoonder
,Shirley,Gilbert,48-(682)111-0038,sgilbert5u@rakuten.co.jp,Oba
,Shirley,Hamilton,86-(969)761-0254,shamiltonaw@sakura.ne.jp,Dabvine
,Shirley,Hayes,84-(524)559-2242,shayesgr@webnode.com,Thoughtstorm
,Shirley,Jacobs,963-(754)357-5581,sjacobsgt@dot.gov,Oodoo
,Shirley,Johnson,387-(997)866-7885,sjohnsoneu@barnesandnoble.com,Kare
,Shirley,Morgan,63-(763)926-1997,smorgan4c@miitbeian.gov.cn,Brightdog
,Shirley,Rivera,33-(988)757-9683,srivera1t@bloglines.com,Twitterworks
,Stephanie,Arnold,1-(419)574-0371,sarnold53@google.pl,Brainbox
,Stephanie,Hansen,62-(214)526-4562,shansenq4@woothemes.com,Skidoo
,Stephanie,Martin,46-(166)126-4956,smartinf4@aboutads.info,Babblestorm
,Stephanie,Wagner,62-(564)320-2853,swagnerj2@oaic.gov.au,Feednation
,Stephen,Garcia,57-(790)608-8305,sgarciaoi@yandex.ru,Gigashots
,Stephen,Lynch,86-(679)747-4033,slynchje@google.ca,Quimm
,Stephen,Palmer,62-(970)910-6463,spalmero1@twitpic.com,Trupe
,Stephen,Patterson,86-(624)256-7048,spattersonqc@about.com,Twimbo
,Stephen,Reid,86-(383)835-4160,sreidn8@wiley.com,Yombu
,Steve,Bryant,380-(478)715-4058,sbryantds@washington.edu,Ntag
,Steve,Gilbert,595-(909)120-4252,sgilbertof@woothemes.com,Twitterlist
,Steve,Myers,48-(885)625-6607,smyers2a@yale.edu,Rhycero
,Steve,Payne,46-(949)675-6947,spayne9a@si.edu,Buzzbean
,Steve,Watkins,62-(751)612-4158,swatkinso6@reddit.com,Oyonder
,Steve,Young,54-(870)489-8422,syoungpu@noaa.gov,Shufflebeat
,Steven,Burke,86-(725)716-4059,sburkelh@ow.ly,Realblab
,Steven,Smith,1-(254)113-0070,ssmith37@wordpress.com,Rooxo
,Susan,George,233-(563)463-6897,sgeorgeaf@storify.com,Kwinu
,Susan,Harris,970-(643)385-6351,sharrisiz@privacy.gov.au,Twitterwire
,Susan,Lee,62-(477)199-9114,sleejy@statcounter.com,Kanoodle
,Susan,Wallace,86-(574)250-0814,swallaceql@hao123.com,Gigazoom
,Susan,White,62-(870)239-6302,swhitede@dagondesign.com,Jayo
,Susan,Williamson,51-(811)641-3488,swilliamsonkk@jigsy.com,Gabcube
,Tammy,Gray,381-(855)231-8595,tgrayk@auda.org.au,Trunyx
,Tammy,Nelson,967-(872)188-5534,tnelson11@squarespace.com,Lajo
,Teresa,Carter,998-(977)155-6455,tcarterjl@tinyurl.com,Jamia
,Teresa,Hicks,93-(811)432-4052,thicksj7@artisteer.com,Leexo
,Teresa,Holmes,359-(263)521-1378,tholmes8n@home.pl,Linkbridge
,Teresa,Jordan,54-(359)825-9007,tjordankp@smh.com.au,Fivespan
,Teresa,Porter,86-(424)215-1147,tporterrc@dailymotion.com,Skibox
,Terry,Henry,351-(612)274-5826,thenryji@apple.com,Zoomdog
,Terry,Myers,86-(500)624-4607,tmyersjx@howstuffworks.com,Teklist
,Terry,Romero,60-(959)392-2931,tromeroqn@alibaba.com,Chatterbridge
,Terry,Snyder,34-(661)938-9813,tsnyder5m@twitter.com,LiveZ
,Theresa,Allen,351-(933)926-7898,tallenb5@flickr.com,Browsetype
,Theresa,Black,81-(363)566-8754,tblack1d@php.net,Skaboo
,Theresa,Butler,216-(365)684-8361,tbutlerg2@independent.co.uk,Quinu
,Theresa,Carpenter,33-(659)797-3108,tcarpenterdw@unc.edu,Voonder
,Theresa,Meyer,53-(900)775-4623,tmeyerl8@fastcompany.com,Vinte
,Theresa,Williams,55-(514)361-9481,twilliamsy@wikispaces.com,Teklist
,Thomas,Garza,66-(227)930-0409,tgarzaqy@people.com.cn,Camimbo
,Thomas,George,86-(620)221-3404,tgeorgek3@spotify.com,Zazio
,Thomas,Morrison,39-(284)783-1247,tmorrisonfk@cnn.com,Aimbu
,Thomas,Peters,1-(530)871-1792,tpetersbu@nytimes.com,Skiba
,Thomas,Wright,86-(244)257-7426,twrightr0@yale.edu,Gigaclub
,Timothy,Adams,62-(895)269-7172,tadamspm@sbwire.com,Jaxspan
,Timothy,Carpenter,84-(490)556-1434,tcarpenterdb@eventbrite.com,Ntag
,Timothy,Carroll,62-(204)934-8778,tcarrollhy@ebay.com,Shufflebeat
,Timothy,Coleman,380-(144)541-6919,tcoleman4q@psu.edu,Kayveo
,Timothy,Franklin,268-(783)394-6122,tfranklinb1@stumbleupon.com,Voonder
,Timothy,Freeman,27-(591)655-8759,tfreemann6@oaic.gov.au,Brainlounge
,Timothy,Hill,7-(381)238-0933,thillnw@quantcast.com,Myworks
,Timothy,Jones,86-(985)926-5781,tjones41@quantcast.com,Devify
,Tina,Gordon,7-(264)592-1518,tgordonn9@simplemachines.org,Vinte
,Tina,Jenkins,420-(303)992-8916,tjenkinsfj@free.fr,Fivespan
,Tina,Moreno,374-(738)493-2899,tmorenoch@tmall.com,Twinder
,Tina,Murphy,256-(801)207-5685,tmurphy39@gnu.org,Blogtag
,Tina,Simpson,33-(976)368-1752,tsimpsonen@businesswire.com,Linktype
,Tina,Watkins,62-(796)929-1115,twatkinsfh@china.com.cn,Oyonder
,Tina,Wood,357-(723)491-3893,twood31@w3.org,Gabvine
,Tina,Young,93-(565)675-1992,tyoung5d@list-manage.com,Ozu
,Todd,Clark,977-(271)478-0644,tclark3h@rakuten.co.jp,Oloo
,Todd,Greene,86-(820)668-2414,tgreenecf@wikia.com,Ooba
,Todd,Kim,63-(937)740-5540,tkime8@jalbum.net,Mynte
,Todd,Perez,86-(615)115-2119,tperez4o@army.mil,Dynazzy
,Todd,Willis,92-(789)453-8295,twillis35@umich.edu,Fiveclub
,Victor,Black,86-(725)604-0427,vblackkf@qq.com,Jayo
,Victor,Cunningham,63-(803)858-8003,vcunningham6n@forbes.com,Oyoloo
,Victor,Evans,420-(674)138-6852,vevans16@wiley.com,Roodel
,Victor,Frazier,1-(200)437-0925,vfrazier7y@altervista.org,Photolist
,Victor,Hughes,48-(882)275-2329,vhugheso2@reuters.com,Riffwire
,Victor,Porter,62-(532)954-6370,vporter4@timesonline.co.uk,Divavu
,Victor,Ross,593-(743)488-4783,vrossd7@wordpress.org,Omba
,Virginia,Cox,62-(626)979-8457,vcoxlb@jugem.jp,Voolith
,Virginia,Ellis,230-(425)814-4546,vellis8o@aol.com,Zoomlounge
,Virginia,Martin,380-(178)778-2643,vmartin9j@wufoo.com,Skinte
,Virginia,Morgan,86-(458)110-6495,vmorgannp@bbc.co.uk,Kwinu
,Virginia,Richards,86-(686)863-5353,vrichards57@vk.com,Linktype
,Virginia,Scott,229-(391)822-6471,vscottrp@blog.com,Tagtune
,Walter,Andrews,51-(427)255-6078,wandrews4f@goo.ne.jp,Eabox
,Walter,Henderson,380-(332)173-9189,whendersonkz@independent.co.uk,Jabberstorm
,Walter,Ortiz,62-(434)526-5047,wortiz7a@myspace.com,Gigazoom
,Walter,Phillips,62-(373)849-4015,wphillips1g@rakuten.co.jp,Skidoo
,Wanda,Bailey,30-(806)537-9888,wbaileyo7@sphinn.com,Dabjam
,Wanda,Hawkins,420-(219)754-8389,whawkins8l@ycombinator.com,Tanoodle
,Wanda,Henderson,52-(308)490-4262,whendersonhw@blogtalkradio.com,Kanoodle
,Wanda,Martin,63-(569)137-8138,wmartinjh@imdb.com,Tanoodle
,Wanda,Woods,383-(158)465-4945,wwoodsrl@sphinn.com,Jabbersphere
,Wayne,Griffin,7-(871)182-8940,wgriffinhb@vk.com,Dabtype
,Wayne,Hall,86-(966)524-5101,whall8a@ocn.ne.jp,Eazzy
,Wayne,Hughes,7-(470)155-6364,whughes9e@microsoft.com,Skimia
,Wayne,Peterson,47-(636)957-9762,wpetersonjr@quantcast.com,Oodoo
,Wayne,Romero,351-(880)247-7538,wromeroi5@gizmodo.com,Yoveo
,Wayne,Walker,86-(636)304-4196,wwalkerek@cdc.gov,Zazio
,Wayne,White,62-(943)293-4639,wwhiterd@shop-pro.jp,Skaboo
,Willie,Holmes,62-(655)466-2917,wholmesfu@joomla.org,Dazzlesphere
,Willie,Kelly,687-(508)320-5062,wkellypr@cocolog-nifty.com,Skipfire
,Willie,Mcdonald,46-(970)489-5840,wmcdonald6w@yelp.com,Aimbo
